"Year","HvyTrkPropIcev","HvyTrkPropBev","HvyTrkPropHev"
2019,0.998191463708705,0.00180853629129491,0
2050,0.998191463708705,0.00180853629129491,0
